/notes go=all/o-shkole /notes/o-shkole 301
/notes go=all/flex-grid /notes/flex-grid 301
/notes go=all/css-validation /notes/css-validation 301
/notes go=all/why-postcss /notes/why-postcss 301
/notes go=all/18 /notes/18 301
/notes go=all/interest-and-importance /notes/interest-and-importance 301
/notes go=all/how-to-organise-fonts /notes/how-to-organise-fonts 301
/notes go=all/interest-and-importance-2 /notes/interest-and-importance-2 301
/notes go=all/fuck-the-expectations /notes/fuck-the-expectations 301
/notes go=all/punctuality /notes/punctuality 301
/notes go=all/social-feeds /notes/social-feeds 301
/notes go=all/ie10-file-download /notes/ie10-file-download 301
/notes go=all/social-feeds-fail /notes/social-feeds-fail 301
/notes go=all/searching-for-job-2016 /notes/searching-for-job-2016 301
/notes go=all/bye-2016 /notes/bye-2016 301
/notes go=all/about-flow /notes/about-flow 301
/notes go=all/frontend-learning-20xx /notes/frontend-learning-20xx 301
/notes go=all/work-at-rambler /notes/work-at-rambler 301
/notes go=all/minute-of-refactoring-01 /notes/minute-of-refactoring-01 301
/notes go=all/deps-in-component-web /notes/deps-in-component-web 301
/notes go=all/tldr-inert /notes/tldr-inert 301
/notes go=all/visual-semantics /notes/visual-semantics 301
/notes go=all/telegram-channels /notes/telegram-channels 301
/notes go=all/bem-vs-css-modules /notes/bem-vs-css-modules 301
/notes go=all/bye-2017 /notes/bye-2017 301
/notes go=all/preprocessors-vs-vanilla-css /notes/preprocessors-vs-vanilla-css 301
/notes go=all/microresolutions /notes/microresolutions 301

/books/grokaem-algoritmy /notes/grokaem-algoritmy 301
/books/microresolutions /notes/microresolutions 301
/books/red-pill /notes/red-pill 301
/books/weniger-schlecht-programmieren /notes/weniger-schlecht-programmieren 301
/books/atlas-shrugged /notes/atlas-shrugged 301
/books/goldratt-the-goal /notes/goldratt-the-goal 301
/books/finplan /notes/finplan 301
/books/dreamland /notes/dreamland 301
/books/the-subtle-art-of-not-giving-a-fuck /notes/the-subtle-art-of-not-giving-a-fuck 301

/* /404/index.html 404
